﻿Designator,Quantity,Value,Footprint,Package,MPN,DNP,Mount_Type,Description,PARTREV,STANDARD,MAXIMUM_PACKAGE_HEIGHT,MANUFACTURER
C1,1,120n,C_1206_3216Metric,,,,smt,Unpolarized capacitor,,,,
"C6, C8",2,100n,C_1206_3216Metric,,,,smt,Unpolarized capacitor,,,,
C7,1,6.8n,C_1206_3216Metric,,,,smt,Unpolarized capacitor,,,,
J1,1,I2C_2 DEBUG,PinSocket_1x02_P2.54mm_Vertical,,,,tht,"Generic connector, single row, 01x02, script generated",,,,
"J10, J2, J3, J4, J5, J7, J8, J9",8,TBP03R2-350-03BE,CUI_TBP03R2-350-03BE,,,,tht,,1.0,Manufacturer Recommendations,9.50mm,CUI Devices
J11,1,ST DEBUG,PinSocket_1x04_P2.54mm_Vertical,,,,tht,"Generic connector, single row, 01x04, script generated",,,,
J6,1,40_Pin_Jetson_Connector,PinHeader_2x20_P2.54mm_Vertical,,,,tht,"Generic connector, double row, 02x20, odd/even pin numbering scheme (row 1 odd numbers, row 2 even numbers), script generated (kicad-library-utils/schlib/autogen/connector/)",,,,
"R1, R2",2,10k,R_1206_3216Metric,,,,smt,Resistor,,,,
SW1,1,SW_Push_DPDT,SW_CK_JS202011AQN_DPDT_Angled,,,,tht,"Momentary Switch, dual pole double throw",,,,
U1,1,BNO055,LGA-28_5.2x3.8mm_P0.5mm,,,,smt,"Intelligent 9-axis absolute orientation sensor, LGA-28",,,,
U2,1,74LV14,DIP-14_W7.62mm_Socket,,,,tht,Hex Inverter,,,,
U4,1,ADS1115IDGS,TSSOP-10_3x3mm_P0.5mm,,,,smt,"Ultra-Small, Low-Power, I2C-Compatible, 860-SPS, 16-Bit ADCs With Internal Reference, Oscillator, and Programmable Comparator, VSSOP-10",,,,
