﻿pos_x,pos_y,rotation,side,designator,mpn,pack,footprint,value,mount_type
126.5,-93.475,-90.0,top,C1,,,C_1206_3216Metric,120n,smt
142.0,-93.525,-90.0,top,C6,,,C_1206_3216Metric,100n,smt
135.025,-94.675,0.0,top,C7,,,C_1206_3216Metric,6.8n,smt
132.525,-82.2505,180.0,top,C8,,,C_1206_3216Metric,100n,smt
150.96,-73.0,90.0,top,J1,,,PinSocket_1x02_P2.54mm_Vertical,I2C_2 DEBUG,tht
168.9,-78.305,-90.0,top,J10,,,CUI_TBP03R2-350-03BE,TBP03R2-350-03BE,tht
96.42,-134.0,90.0,top,J11,,,PinSocket_1x04_P2.54mm_Vertical,ST DEBUG,tht
154.1525,-137.13,90.0,top,J2,,,CUI_TBP03R2-350-03BE,TBP03R2-350-03BE,tht
141.6525,-137.13,90.0,top,J3,,,CUI_TBP03R2-350-03BE,TBP03R2-350-03BE,tht
129.1525,-137.13,90.0,top,J4,,,CUI_TBP03R2-350-03BE,TBP03R2-350-03BE,tht
116.6525,-137.13,90.0,top,J5,,,CUI_TBP03R2-350-03BE,TBP03R2-350-03BE,tht
96.46,-79.28,0.0,top,J6,,,PinHeader_2x20_P2.54mm_Vertical,40_Pin_Jetson_Connector,tht
168.9,-129.805,-90.0,top,J7,,,CUI_TBP03R2-350-03BE,TBP03R2-350-03BE,tht
168.9,-112.6425,-90.0,top,J8,,,CUI_TBP03R2-350-03BE,TBP03R2-350-03BE,tht
168.9,-95.6425,-90.0,top,J9,,,CUI_TBP03R2-350-03BE,TBP03R2-350-03BE,tht
126.5,-84.5375,90.0,top,R1,,,R_1206_3216Metric,10k,smt
142.0,-87.4625,90.0,top,R2,,,R_1206_3216Metric,10k,smt
119.0,-75.8,180.0,top,SW1,,,SW_CK_JS202011AQN_DPDT_Angled,SW_Push_DPDT,tht
133.25,-87.6625,180.0,top,U1,,,LGA-28_5.2x3.8mm_P0.5mm,BNO055,smt
143.125,-112.7,-90.0,top,U2,,,DIP-14_W7.62mm_Socket,74LV14,tht
156.5175,-91.4625,90.0,top,U4,,,TSSOP-10_3x3mm_P0.5mm,ADS1115IDGS,smt
